Account Name,Address,URL
Ambirontrustwave,"2350 Green Road, Suite 175C",https://www.trustwave.com/
Netenrich Inc,226 Airport Parkway Suite # 550,https://netenrich.com/
Mannassi Consulting,CA,https://mannassi.com/
Resource Systems Group,24 Ray Ave,https://www.realestate.com.au/
Dynamix Group Inc,1905 Woodstock Road Ste 4150,http://dynamixgroup.com/
Koretech,"5186 Carroll Canyon Road, Suite B",https://www.koretech.com/
KCF Consulting Group,16 Dexter Ln,http://www.kcfconsulting.com/
Keller Schroeder,4920 Carriage Dr,https://www.kellerschroeder.com/
Secure Data Technologies,1392 Frontage Road,https://www.securedatatech.com/
Cetacea,2950 Airways Blvd.,https://cetacea.com/
Prime Care Technologies,"6650 Sugarloaf Parkway, #400",https://www.primecaretech.com/
Alpha Card Systems,17858 SW Upper Boones Ferry Rd,https://www.alphacard.com/
"IT TechPros, Inc.","330 Rancheros Drive, Ste 138",http://www.it-techpros.com/
Johnson City Power Board,2600 Boones Creek Rd,https://www.facebook.com/
"Peterson Computer Consulting, Inc.",1802 N Division St Ste 207,https://computer-repair-services.cmac.ws/
Shewak & Lajwanti International Inc.,150 E. Colorado,https://slinternational.com/
NETWORK INFRASTRUCTURE TECHNOLOGIES INC,90 John Street,https://www.nitinfrastructure.nitfinance.com/index.php/
"INTELITECHS, LLC",2302 S. 2040 W.,https://intelitechs.com/
Clair Global,1 Ellen Ave,https://claire.global/
Diego Prueba,1180 NE 135TH St,https://www.sandiego.gov/
"Imagine IT, Inc","312, 2348 La Costa Avenue",https://www.imagineitinc.ca/
"Freedom Information Technology Solutions, LLC",25 Bremen St,https://fitsolutions.biz/
Daw Systems,"585 Troy-Schenectady Road, Suite 2",http://www.dawsystems.com/
Pilbara Group Inc.,"900 Commonwealth Place, Suite 202",https://www.pilbaragroup.com/
Addons Inc,"1510 Canal Court, Ste 2500",http://addonsinc.com/
Haber Group,"29 West 36th St, Suite 1100",https://www.habergroup.com/
Nivis LLC,"1000 Circle 75 Parkway, Suite 300",http://www.nivis.com/
Imagine Network and Computer Services,1405 Resource Parkway,https://imaginenets.com/
CKC Laboratories Inc,5046  Sierra Pines Drive,https://opencorporates.com/
Taos Mountain,3970 Freedom Cir,https://taos.org/
Silverback Consulting LLC,140 W 29th St #341,https://silverbackconsulting.us/
Medical Practice Management,3450 US Route 60 East,https://www.medesk.net/
Computers Nationwide LLC,55 E Hintz Rd,https://computersnationwide.com/
Sand Creek Telephone,6525 Sand Creek Highway,https://www.sandcreekcommunications.com/
Equant,5741 Rio Vista Drive,https://www.manta.com/
XNet,3080 Ogden Ave. Suite 303,http://www.xnet.com/
ImpactRX,307 Fellowship Rd._x000D_,https://impactrx.rudyproject.com/
Asset business computing,1295 Lyons Rd,https://business.google.com/
Top Notch Distributors,80 4th St,https://topnotchinc.com/
TouchTone Communications,16 S. Jefferson Rd.,https://phone-communications-services.cmac.ws/
Aberdean Consulting,595 Science Dr,https://www.facebook.com/aberdean.consulting/
Viaero Wireless,1224 West Platte Ave.,https://www.fiercewireless.com/
Dev Source,632 North 4th St,http://www.devsource.co.uk/
Earth Class Mail,9450 SW Gemini Dr 101,https://app.earthclassmail.com/
EXCALIBUR PARTNERS LLC,12538 Rochester Dr,http://www.excaliburtech.net/
Information Management Resources/Solutions Health Care,5224 S East St,https://www.writerinformation.com/
64 BitHost,8216 NW 5th Ct,http://www.bitsavers.org/pdf/xerox/xde/XDE_3.0_Nov84/
Crystal Tech Web Hosting,8521 E Princess Dr,https://alphahosting.hu/
Friendly Computers,328 N. Sullivan Rd.,http://www.friendlycomputers.com/
Velocity Partners,Belle-View Office Park,https://velocitypartners.vc/
MCD Computer Consultants Inc,35 Laura Ln,https://www.mcdcomputerconsultants.com/
AxonTech LLC,"17360 Colima Rd., Ste. 345",https://www.axontechnologies.com/
Primas Group,6091 Sydney Dr,https://www.primas.fi/
Lathrop Consulting,301 North Morningside,https://lgpmconsulting.com/
Denali Advanced Integration US,"17735 NE 65th St, Suite 130",https://www.denaliai.com/
Alaska Data Technologies LLC,"211 H. Street, Suite 1",http://alaskatechnologies.com/
Frasco,215 W Alameda Blvd,https://www.andyfrasco.com/
NovaRad,"758 E. Utah Valley Drive, #200",https://www.novarad.net/
Pacific Market Research,15 S Grady Way Ste 620,http://www.pacificmarketresearch.com/
Roush Fenway Racing,4600 Roush Pl NW,http://roushfenway.com/
PacketDrivers LLC,528 3rd Ave W,https://streeteasy.com/
Miklos Systems,9990 Fairfax Blvd,http://algsystems.com/
Dynology Corporation,8000 Towers Crescent Drive STE 1350,https://dynology.com/index.php/
Cyteworks Inc,12 1/2 SW 3rd St,https://cyteworks.com/
Praxis Engineering,135 Natl Bus Pkwy,http://www.praxisengineering.com.au/
UL Verification Services Inc (formerly InfoGard),709 Fiero Lane #25,https://infosecindex.com/
Microsel of Colorado LLC d/b/a TrinWare,7328 S Revere Parkway Suite 208,https://trinware.com/
Datalliance,4380 MALSBARY RD STE 250,http://www.datalliance.com/
Attentus Technologies,"1819, Central Ave S #144",https://www.attentus.tech/
BEL Network Integration & Support LLC,8140 Virginia Pine Court,https://www.bellintegrator.com/
"Digital Housing & Administration, LLC",101 E Green St Ste 5,https://digitalhousing.net/
BMC Software Inc,2101 CityWest Blvd.,http://www.bmc.com/
Net Net Inc,217 E 24th St Ste 010,http://www.netnetweb.com/
Greenman IT Support Inc.,6805 Nancy Ridge Dr,https://greenman.hu/
SoftFile,1600 Tribute Road,http://www.softfile.com/
Iron Systems,980 Mission CT,https://www.ironsystems.com/
"KeyMark, Inc.",105 Tech Lane,https://www.keymarkcorp.com/
Retail Imaging,"12402 NE Marx Street,",https://retail-imaging.eu/
ICS Software Ltd.,3508 Hargale Rd,http://icssoftware.net/
MyITPros,"2714 Bee Caves Rd, Ste. 105",https://help.myitpros.com/
Infotech Solutions LLC,204 Fourthpark,https://www.infotechfb.com/
"Americom Computer Systems, Inc.",100 Green Park Industrial Court,https://www.americomis.com/
Andrew Computer Associates LLC,197M Boston Post Rd,http://andrewca.com/
Indiana Electronics,13185 Chippewa Blvd,https://www.indianaelectronics.com/
Opal Business Solutions,"71 McMurray Rd, Ste 104",https://www.theopalgroup.com/
endowance,"2603 Camino Ramon, Suite 250",https://www.endowance.com/
NPV Corporation,"27 Glen Street, Suite 2",https://corporatefinanceacademy.com/
Peregrine Hardware Inc,3927 Old Lee Hwy Ste 102 C,https://peregrine.ai/
Jericho Systems,6606 LBJ Freeway,http://www.jerichosystems.com/
Miller systems Inc,31 Saint James Ave Ste 948,https://www.millersystems.com/
Cooks Computers,236 Woodstream Dr,https://www.cookscomputers.com/
United Imaging,21201 Oxnard Street,https://www.united-imaging.com/
INTERFACE TECHNICAL TRAINING,3110 North Central Avenue,http://www.interfacett.com/
"Specialty Systems, Inc.",1451 Route 37 West,https://www.specialtysystemslc.com/
Charisma Productions,512 W Main St,https://charismaeventproductions.com/
DoubleRadius,2022 Van Buren Ave,https://www.doubleradius.com/
nst to merge,81 Larkfield Road,https://www.commercialcafe.com/
Arkansas Network Experts,3 Brookside Circle,https://www.arkansasbids.us/
CloudBringers,3016 Camino Largo Ave,https://www.propertyiq.com/
MGP inc,701 Lee Street,http://www.mgpclockrestoration.com/
Technology's Edge,1360 REYNOLDS AVE STE 115,https://www.edgetechnologyproducts.com/
Hostnet,1846 Rosemade Pkwy,https://mijn.hostnet.nl/
Mainstream Technologies,"325 West Capitol Ave, Floor 2",https://www.mainstream-tech.com/
Tekhouse,1138 N Germantown Pkwy Suite 101-110,https://thetekhouse.com/
Verve Industrial Protection,1640 McCracken Blvd,https://verveindustrial.medium.com/
Taylor'd Computer Networks,28 Medical Drive,http://www.taylordcomputernetworks.com/
Dahl Consulting,150 Redwood Rd,http://www.dahlconsulting.com/
KOE Connections.com,8 Harbor Acres Rd,https://www.connections.com/
Network 360,5826 New Territory Blvd 718,http://www.network360.hu/
MAC Source inc.,701 Erie Blvd. West,https://macsources.com/
aldentd.com,PO Box 1707,http://www.aldentd.com/
Galaxy Systems Inc,29282 Kensington Dr,https://www.galaxysys.com/
Tanager Inc,"3140 West Ward Road, Suite 205",http://www.tanagerinc.com/
Intelligent Automation Inc,15400 Calhoun Dr,https://www.flex-lineautomation.com/
TelAlaska Inc,201 E. 56th Ave,http://www.telalaska.com/
Quarthorse Technology,"2 Penn Plaza, Suite 1500",https://www.eventective.com/
Copeland Data Systems,550 Fillmore Avenue,https://www.copelanddata.com/
"Web Creations & Consulting, LLC","119 W  Iron, 2nd Floor",https://web.salinakansas.org/
DempseyBluevar,1201 3RD St,https://m.facebook.com/patrickdempseyofficial/photos/a.1446725352221031/
Thomas Knight Trent King & Company,3400 Croasdaile Dr # 301,https://www.dandb.com/
Monsoon Commerce,1250 45 st suite 100,https://monsoonconsulting.com/
Interweb Systems,1001 Village Park Dr # 108,https://www.interwebsystems.com/
LeanPath Inc,8305 SW Crekside Pl Ste A,https://www.leanpath.com/
CCB Technology,2823 Carlisle Ave,https://ccbtechnology.com/
4it Inc.,12595 SW 137th Ave Ste 301,https://www.4it-inc.com/
J&H Office,6th Avenue Medical Building,https://www.jhoffice.com.au/
Precise Networks Inc,250 W Center St STE 113,https://precision-networks.net/
Wavelink,6985 Union Park CTR ,https://download.wavelink.com/
Sobotka Group,1209 141ST Pl NE,https://www.eurasianresources.lu/
"Marchex, Inc.",413 Pine St STE 500,https://www.marchex.com/
Kraft Technology Group LLC,555 Great Circle Road Suite 200,http://technologycouncil.memberzone.com/
Premier Solutions LLC,"22362 Gilberto, Ste 150",https://www.premiersolutionsllc.com/
Millersburg Information Systems LTD,1391 Route 209,http://www.miscomputers.com/
Bay Computing Group,1255 Treat BoulevardSuite 100A Suite 630,https://www.biddingo.com/
Orange County Computer,21092 Bake Pkwy Ste 100,https://www.orangecountycomputer.com/
Mistras (formerly New Century Software),"2627 Redwing Rd, #100",https://www.newcenturysoftware.com/
System Solutions Group Inc,100 Solitude Dr.,https://www.systemsolutions.com/
Host Analytics,400 E Central Ave Ste 201,https://www.predictiveanalyticstoday.com/
Ergos Technology Partners,3831 Golf Dr,https://ergos.uk/
DXC Technology,1111 Broadway 13th Floor,http://www.dxc.technology/
Network Depot,12040 South Lakes Drive,https://www.networkdepot.com/
"Tobin Solutions, Inc.","10437 Innovation Drive, Suite 425",https://tobinsolutions.com/
Heart Technologies,3105 N Main St,https://www.americanhearttechnologies.com/
Caspian Tech,2100 Pewaukee Rd Ste C,https://www.thinkcaspian.com/
IssueTrak Inc.,249 Central Park Ave STE 200,https://www.issuetrak.com/
HostingSRV,nan,https://www.hostingsrv.nl/
ASRC Federal,6303 Ivy Lane,http://www.asrcfederal.com/
"WatchGuard Technologies, Inc",505 5th Ave S Ste 500,https://www.watchguard.com/
Wise Network,Cali 2,https://wisenetwork.fi/
Simply Bits,5225 N. Sabino Canyon Road,https://www.instagram.com/simply.bits/
VARtek Services Inc,1785 S Metro Pkwy,https://vartek.com/
DA Rainsberger,Ste. 300 801 S. Waverly Rd.,https://www.rainsberger.com/
Infoaxis,300-B Route 17 South,https://infoaxis.com/
Think Smart Inc.,"11190 Sun Center Drive, Suite 200",http://www.thinksmartinc.net/
"ABS, Inc",nan,https://absmedinc.com/
"Interactive Business Systems, Inc",2625 Butterfield Rd Ste 114W,https://www.dibsysinc.com/
Computer Pros On Call,141 S Cardigan Way,https://www.loc8nearme.com/
Your PCMD,701 Moss St,https://www.yourpcmd.net/
Shields Networking,26344 Carmel Rancho Ln Ste U6,https://sites.google.com/a/shields-networking.com/
Accelerite,301 116th Ave. SE,https://accelerite.com/
DKBInnovative,14785 Preston Rd Ste 550,http://www.dkbinnovative.com/
Deepnet,120 Stony Point Rd Ste 105,http://www.deepnetexplorer.com/
intercall,1445 Mcarthur Street,https://www.intercall.com/
data net solutions,1760 South Escondido Blvd,https://datanet.solutions/
AiSquared,130 Taconic Business Park,https://aisquared.com.au/
Warever Computing Inc,530 S. Barrington Ave,https://www.warever.com/
EZ Computer Solutions,111 Centerville Rd Ste 102,https://www.ezcomputer.solutions/
Anybill Financial,805 15th Street NW,http://www.anybill.com/
Winshuttle Inc,20021 120th Ave NE,https://www.winshuttle.com/
International Integrated Solutions Ltd,137 Commercial St STE 100,https://opencorporates.com/
"SIC CONSULTING, INC.",105B Wright Brothers Ave,http://www.sicconsulting.com/
EAI INFORMATION SYSTEMS,8700 SW Creekside Pl Ste A,https://publications.eai.eu/index.php/
Bridge Network Systems,4500 Leeds Ave. Ste. 209,https://www.bn.systems/
Solid State Consulting,594 Broadway Suite 408,https://www.solidstateconsulting.nl/
Resolute Partners LLC,37 W Center St Ste 301,https://www.resolutepg.com/
Spinner Tech,138 Nostrand Ave,https://spinnertech.com/
AccuTech Systems,4017 West Jackson st,https://www.accutechsecurity.com/
"Software Solutions Integrated, LLC (SSI) IL",140 E South First,https://www.grainfeedequipment.com/
Snet,615 N Upper Broadway St Ste 710,https://snet.bigcartel.com/
The Career Center,185 Madison Avenue,https://www.careercenters.com/
Network Solutions Plus,45901 Nokes Blvd,https://www.networksolutions.com/
PC Solutions,PO Box 3314,http://pcsolutionsnow.com/
BEVCOMM INC PR-8593-3460-6679-001,nan,https://github.com/
Relay Health,1564 Northeast Expressway,https://www.covenanthealth.com/
AMS Legal,"5005 SW. Meadows Rd, Suite 402",https://www.legal500.com/
KAMIND Associates Inc,"2373 NW 185th Ave, Ste 416",https://www.kamind.com/
Building Information Systems LLC,165 NE Juniper Street_x000D_,https://www.buildingi.com/
Voyager Capital,719 2nd Ave Ste 1400,https://www.voyagercapital.com/
Survival Systems USA,144 tower Ave,https://www.survivalsystemsinc.com/
Computer Technologies Group Inc,292 Main Street,https://computer-techy.com/
Computer Doctor (#0752332),nan,https://www.computerdoctor.cz/
Comp View,10035 SW Arctic Dr,https://www.yelp.com/
Computer Information Agency,x,https://www.abbreviationfinder.org/
Connecticut Computer Service,101 East Summer St,https://www.hitouchbusinessservices.com/
Mnemonix,665 Seward NW,https://www.instagram.com/mnemonix.gr/
Myserver Bv,P.O. Box 2333_x000D_,https://www.servers.com/
BroCoTec,1100 NASA PKWY STE 502,https://www.brocotec.com/
Aisle7,215 NW Park Ave,https://www.instagram.com/shop.aisle7/
Access Services Inc,"500 Office Center Dr, Ste 100",https://www.accessservices.org/
ECO-IT Networking,"1855 Hamilton Ave. Ste 105 San Jose, CA 95125",http://www.ecoitnetworking.com/
Wavetech Systems,2665 S. Bayshore Dr. Suite 220,https://www.wavetech.com/
"GMC TEK, LLC",211 CHURCH STREET SE #115A,https://www.gmctek.com/
"Creative Information Technology, Inc","7799 Leesburg Pike,",https://www.fairfaxradiology.com/
Balance Innovations,11011 Eicher Dr,http://www.balanceinnovations.com/
"Parallel Technologies, inc.",4868 Blazer Parkway,https://www.paralleltech.com/
IT Solutions,414 Commerce Dr,https://www.theitsolutions.io/
Coastal Business Products,1855 Hurlburt Rd,https://business.google.com/
MBM Computer System Solutions,375 Robbins Drive,https://www.mbmsolutions.com/
International Consulting Group,"7235 Corporate Center Dr, Bay A",https://www.internationalconsultinggroup.com/
IDS now AbbaDox,3511 West Commercial Blvd,https://www.abbadox.com/
"TR Network Consulting, LLC",235 W. Brandon Blvd # 294,https://bookings.trnetworkconsulting.com/
Us Gov - DoD - Navy - Innova Systems - NAVAIR,1676 Charlie Horse Way,https://innovasi.com/
"Integro, Inc.",88 Inverness Cir E N106,https://integro-inc.com/
"TSAChoice, Inc.",108 Asheville Commerce Parkway,https://www.tsachoice.com/
Carmichael Business Technology Inc.,CBT PO Box 8736  Mammoth Lakes,https://business.mammothlakeschamber.org/
iecholden,"51 Distribution Way, Suite 102",https://www.iecholden.com/
"Reliable Networks, Inc","901 N 3rd Street, Suite 100",http://www.reliablenetworks.ca/
EssentialNet Solutions,7145 Turner Rd Ste 102,https://www.essential-net.com/
Assync Associates,28243 Beck Road Suite B-12,https://opencorporates.com/
CMIT Solutions - Twin Cities SE,"4051 Camberwell Dr N, Eagan, MN 55123",https://cmitsolutions.com/
Integrity Virtual IT,11733 Auth Lane,https://integrity.hu/
Ampro Adlink Technology Inc,5215 Hellyer Ave Ste 110,https://www.adlinktech.com/
"IDM Computer Solutions, Inc.","5559 Eureka Dr, Suite B",https://idm-computer-solutions-inc.software.informer.com/
DataRealm,"Datarealm Internet Services, Inc P.O. Box 1616",https://www.datarealminc.com/
E-Tek,700 Plaza Drive,https://www.e-tek.us/
Convention Communications,751 Northwest Blvd # 100,https://www.conventioncommunications.com/
Xecunet,5744-R Industry Lane,https://www.xecu.net/
Hybridge,425 Broadway St,https://www.hybridge.net/
Lanvera,112 Wrangler Drive_x000D_,https://www.lanvera.com/
Computer Staffing Service and Support,152 Lincoln St APT 5,https://cssstaffing.com/
ALT-KIE Computer Consultants,2324 University Ave W Ste 116,https://computer-consultants.cmac.ws/
"BEI Holdings, Inc.",6 Capital Dr,https://www.beiinc.com/
Amboy Computer,P.O. Box 3264,http://www.amboycomputer.com/
BRUNS-PAK,999 New Durham Road,https://www.bruns-pak.com/
NCR Corporation - Atlanta Midtown Office,864 Spring St NW,https://hqcorporateoffice.com/
ThinkTech Computers Inc,17 Aresene Way,https://computer-repair-services.cmac.ws/
"The BlueLake Group, Inc.",8734 Kilgore Rd,https://www.bluelakecg.com/
GenXsys Solutions LLC,411 NE Avery Street Suite B,https://hexagonitsolutions.com/
LMT Computer Systems,4 Commercial St Ste 400,http://lmt-computer-systems-inc-in-rochester-ny.cityfos.com/
Synesis International inc,30 creekview ct,https://www.synesisintl.com/
Spindustry Systems,1370 NW 114th St,https://www.spindustry.com/
NP Information Systems,8209 S 222nd Street_x000D_,https://www.npinfo.com/
k2-real-estate-advisors-llc,221 Ocean Grande Blvd APT 608,https://www.k2advisors.com/
Morris Williams,3000 Davenport Ave,https://www.realtor.com/
Cyber Defense Agency LLC,10700 Parkridge Blvd_x000D_,http://www.cyberdefenseagency.com/
CCT Technologies Inc,808 West San Carlos Street,https://ccttechnologies.com/
Enchanted Ventures LLC dba Eagle Network Solutions,80 Palomino Lane,https://eaglenetsolutions.com/
DeltaTRAK,PO Box 398,https://www.deltatraksouthamerica.com/
Common Angle,616 PETOSKEY ST STE 300,https://commonangle.com/
IT4Shore LLC,PO Box 508,http://www.it4shore.com/
"EDTS, LLC",933 Broad Street_x000D_,https://www.msci.com/documents/1296102/19899620/MSCI+Global+Data+Standards+for+Real+Estate+Investment+-+Appendix+3.xlsx/
C. Scott's Computer Services,35 S 7th St,http://www.cscott-computer.com/
Partek IT Solutions INC,624 Trade Center Boulevard,https://partek.ca/
Aspen Systems Inc,3900 Youngfield Street,https://www.aspen-systems.com/
Traveling Computers Inc,"Po Box 1894, 210 E Main St",http://www.travelingcomputerservices.com/
Versatile Communications,"450 Donald Lynch Blvd, Ste: B",https://www.weareversatile.com/
simplicit technologies,23875 Ventura Blvd #204,https://simplicittech.com/
"World Wide Technology, Inc",1 World Wide Way,https://twitter.com/
Arrosoft,"33 Wood Ave South, Suite 665",https://www.arrosoft.com/
"Virtual Sprout, LLC",10962 Lagrange Rd.,http://www.virtualsprout.com/
Aasonn,Not Available,https://find-and-update.company-information.service.gov.uk/
Synergy IT Partners,1100 Rutledge Avenue,https://www.synergypartners.com/
"A2 Hosting, Inc.",2000 HOGBACK RD,https://www.a2hosting.com/
Unified Concepts,"1S280 Summit Ave, Court A2",http://www.utconcepts.com/
Geek Easy Computers,420 N. Church St. STE 1,https://geek-easy.com/
Yellow Dog Software,2200 Colonial Avenue  Suite 21,http://www.yellowdogsoftware.com/
Salient Systems,10801 N. Mopac Expressway _x000D_,https://www.salientsys.com/
Computer Emergency Room,229 Vestal Parkway East,http://www.gadgetsemergencyroom.com/
Erickson Solutions Group,11020 King St,https://erickson.solutions/
CompuPlanet,3501 W. Alberta Rd.,https://www.compuplanetcorp.com/
NCMS,3025 Boardwalk St.,https://ncms-isp.org/
X Matters,"12647 Alcosta Blvd., Suite 425",https://www.xmatters.com/
Semperon Systems Inc.,26 Kings Ln,http://semperon.com/
Kesem Technology,4938 Hampden Ln #429,https://www.kesemtechnology.com/
Big Sur Technologies,4631 Woodland Corp Blvd,https://bigsurtech.com/
PalmTech Computer Solutions,1029 North Florida Mango Road Suite 14,https://www.palmtech.net/
ForeSight Computer Solutions,1220-G Airport Fwy #470,http://www.foresightuk.com/
Technology Transfer Inc,"16969 N Texas Ave, Ste 400",https://technologytransfer.it/
"TH2 Technologies, Inc.","25422 Trabuco Rd., Suite 105-426",https://ignitechurchoc.org/
KeepSolid inc,3220 Arlington Ave APT 5A,https://www.keepsolid.com/
i2c Technologies,1549 Boettler Rd.,http://i2ctech.com/
Driftwood Hospitality Management,1001 N. US Highway 1,http://www.driftwoodhospitality.com/
DTS,525 Portage Trail EXT W,https://dts.com/
AUTOQUOTES,4425 MERRIMAC AVE,https://m.youtube.com/
"MAI Computing, Inc.","PO Box 1691, 3959 Cardinal Cir",https://www.maicomputing.com/
Vital Solutions international,19 Leonberg Road,http://www.vitalinternationalsolutions.com/
"IntelligIS, Inc.",400 Perimeter Ctr Ter NE Suite 900,http://www.intelligis.com/
Baysidenetworks,"104 E 19th ST., N",https://www.baysidenetworks.com/
Cedar Document Technologies / Cedardoc,"One Ravinia Drive, Suite 1700",https://web.cedarcx.com/
"Coleman IT Group, Inc.",3335 Vincent Rd,https://colemangrpinc.com/
NORTHSTAR NETWORK GROUP INC,212 GAMACHE DR,https://www.northstarnet.com/
